#,code,session_id,related_session_id,course_code,course_name,section,instructor,room,room_type,required_room_type,day,start,end,reason,approved,recommended_remediation
1,room_type_mismatch,0b91795a-7885-4a18-aa1c-def693968981,,IT-L2-003,مبادئ شبكات الحاسوب,1,عقيل معوضة,معمل-4,computer_lab,lecture_hall,3,12:00:00,14:00:00,room_type_mismatch unapproved,false,assign_matching_room_type
2,room_type_mismatch,7e123577-4997-48b8-9b7f-10d1346aacfc,,CIS-L1-002,الرياضيات المتقطعة,JWF-1,فهمي البحيري,جديد-23,lecture_hall,seminar_room,4,08:00:00,11:00:00,room_type_mismatch unapproved,false,assign_matching_room_type
3,room_type_mismatch,9490ee5c-2b08-4b36-b86e-e671c2d36f0c,,CIS-L1-006,مهارات اللغة العربية (2),1,بغداد,الندوة,seminar_room,lecture_hall,1,10:00:00,12:00:00,room_type_mismatch unapproved,false,assign_matching_room_type
4,room_type_mismatch,130ecd4f-bb73-49a2-85ba-0ea6f9a655ae,,CIS-L1-007,مهارات عامة,1,خيران اليوسفي,الندوة,seminar_room,lecture_hall,1,12:00:00,14:00:00,room_type_mismatch unapproved,false,assign_matching_room_type
5,room_type_mismatch,5c142cf0-e45a-43d0-a40e-ac81ba3f2773,,CIS-L1-001,اساسيات نظم المعلومات,MRB-1,محمد مكرد,الندوة,seminar_room,lecture_hall,4,08:00:00,11:00:00,room_type_mismatch unapproved,false,assign_matching_room_type
6,room_type_mismatch,de7d031e-c9e3-48e6-bc14-d2aef338002c,,CS-L2-001,البرمجة الكينونية,1,غسان المعمري,الندوة,seminar_room,lecture_hall,6,08:00:00,10:00:00,room_type_mismatch unapproved,false,assign_matching_room_type
7,room_type_mismatch,5a1c58c8-8f72-46e0-80e2-14424da279d4,,CS-L3-005,نظم قواعد البيانات (2),1,رمزي الجابري,الندوة,seminar_room,lecture_hall,1,08:00:00,10:00:00,room_type_mismatch unapproved,false,assign_matching_room_type
8,room_type_mismatch,ef28f402-4c8e-463b-8204-ea49b5f128ba,,CIS-L4-002,التجارة الإلكترونية,MRB-1,فارس الهدشاء,الندوة,seminar_room,lecture_hall,3,08:00:00,11:00:00,room_type_mismatch unapproved,false,assign_matching_room_type
9,study_system_time_template,2989f01a-7832-4bd9-b014-2518df7e906c,,CY-L1-007,مهارات اللغة العربية (2),1,أكرم الحمادي,جديد-35,lecture_hall,lecture_hall,4,13:00:00,16:00:00,study_system_time_template unapproved,false,align_time_with_active_template
10,room_type_mismatch,df71252b-32d7-4e33-999e-f29f8af8c1f2,,CIS-L1-002,الرياضيات المتقطعة,JWF-1,فهمي البحيري,الطب-الكبرى,lecture_hall,seminar_room,2,14:00:00,17:00:00,room_type_mismatch unapproved,false,assign_matching_room_type
