gate,check,expected,observed,status,notes
G0,project_ref,emzytxqkxjjhsivqxdiu,emzytxqkxjjhsivqxdiu,PASS,
G0,schedule_version_status,draft,draft,PASS,
G0,sessions_count,198,198,PASS,
G0,published_versions,0,0,PASS,
G0,new_events,0,0,PASS,
G0,new_quality_runs,0,0,PASS,
G1,table_exists,true,true,PASS,
G1,rls_enabled,true,true,PASS,
G1,policies_count,3,3,PASS,select+insert+update; no delete by design
G1,indexes_count,5,5,PASS,
G1,triggers_count,2,2,PASS,integrity + updated_at
G1,integrity_function_security,invoker,invoker,PASS,search_path=public
G2,broad_open_policies,0,0,PASS,no USING(true)/WITH CHECK(true)
G2,rejection_tests,5/5 rejected,5/5 rejected,PASS,carried forward from EXEC-01
G3,total_exceptions,44,44,PASS,
G3,pair_rows,42,42,PASS,
G3,single_rows,2,2,PASS,
G3,instructor_conflict_rows,22,22,PASS,
G3,room_conflict_rows,20,20,PASS,
G3,room_type_mismatch_rows,2,2,PASS,
G3,revoked_rows,0,0,PASS,
G3,orphan_refs,0,0,PASS,
G3,cross_version_rows,0,0,PASS,
G3,cross_college_rows,0,0,PASS,
G3,duplicate_pairs,0,0,PASS,uq_svce_active_pair enforced
G3b,approved_instances,86,86,PASS,22*2 + 20*2 + 2*1
G4,totalHardConflicts,96,96,PASS,canonical validator harness
G4,approvedHardConflicts,86,86,PASS,
G4,unapprovedHardConflicts,10,10,PASS,
G4,eligibility,FAIL,FAIL,PASS,
G5,unapproved_room_type_mismatch,9,9,PASS,
G5,unapproved_study_system_time_template,1,1,PASS,
G5,unapproved_instructor_conflict,0,0,PASS,
G5,unapproved_room_conflict,0,0,PASS,
G5,CS-L2-005_room_type_approved,true,true,PASS,not in blockers list
G6,approved_conflicts_visible,true,true,PASS,tagged approved_exception=true
G6,approved_double_count,none,none,PASS,
G6,revoked_bypass,none,none,PASS,0 revoked rows exist
G7,current_status,draft,draft,PASS,
G7,eligibility_ok,false,false,PASS,
G7,transition_invoked,false,false,PASS,
G8,scorer_persist,false,false,PASS,not invoked with persist=true
G8,new_quality_runs,0,0,PASS,
G9,F002_status,OPEN,OPEN_CONFIRMED,NOTE,UI path passes empty exceptions
G10,types_current,true,true,PASS,supersedes EXEC-01 note
G11,build_regression_risk,none,none,PASS,no code files edited
G12,db_writes,0,0,PASS,
