اليوم,الوقت,رمز المقرر,اسم المقرر,المكوّن,المدرس,القاعة,المجموعة
الاثنين,08:00 - 10:00,FX-C126,قواعد البيانات الموزّعة وتحسين الاستعلامات,نظري,د. سارة أحمد المقطري,LAB-3 مختبر الشبكات والأنظمة الموزّعة,
الاثنين,10:00 - 12:00,FX-C102,قواعد البيانات الموزّعة وتحسين الاستعلامات,نظري,د. سارة أحمد المقطري,LAB-3 مختبر الشبكات والأنظمة الموزّعة,
الاثنين,12:00 - 14:00,FX-C108,قواعد البيانات الموزّعة وتحسين الاستعلامات,نظري,أ. فاطمة صالح العريقي,LAB-3 مختبر الشبكات والأنظمة الموزّعة,
الاثنين,14:00 - 16:00,FX-C114,قواعد البيانات الموزّعة وتحسين الاستعلامات,نظري,د. سارة أحمد المقطري,LAB-3 مختبر الشبكات والأنظمة الموزّعة,
الاثنين,16:00 - 18:00,FX-C120,قواعد البيانات الموزّعة وتحسين الاستعلامات,نظري,أ. فاطمة صالح العريقي,LAB-3 مختبر الشبكات والأنظمة الموزّعة,
الأربعاء,08:00 - 10:00,FX-C116,الذكاء الاصطناعي وتعلّم الآلة التطبيقي,عملي,أ. فاطمة صالح العريقي,H-101 قاعة المحاضرات الكبرى رقم ١٠١,
الأربعاء,10:00 - 12:00,FX-C122,الذكاء الاصطناعي وتعلّم الآلة التطبيقي,عملي,د. سارة أحمد المقطري,H-101 قاعة المحاضرات الكبرى رقم ١٠١,
الأربعاء,12:00 - 14:00,FX-C128,الذكاء الاصطناعي وتعلّم الآلة التطبيقي,عملي,أ. فاطمة صالح العريقي,H-101 قاعة المحاضرات الكبرى رقم ١٠١,
الأربعاء,14:00 - 16:00,FX-C104,الذكاء الاصطناعي وتعلّم الآلة التطبيقي,عملي,أ. فاطمة صالح العريقي,H-101 قاعة المحاضرات الكبرى رقم ١٠١,
الأربعاء,16:00 - 18:00,FX-C110,الذكاء الاصطناعي وتعلّم الآلة التطبيقي,عملي,د. سارة أحمد المقطري,H-101 قاعة المحاضرات الكبرى رقم ١٠١,
الجمعة,08:00 - 10:00,FX-C106,هندسة المتطلّبات وإدارة مشاريع تقنية المعلومات,نظري,د. سارة أحمد المقطري,H-305 قاعة الدراسات العليا ٣٠٥,
الجمعة,10:00 - 12:00,FX-C112,هندسة المتطلّبات وإدارة مشاريع تقنية المعلومات,نظري,أ. فاطمة صالح العريقي,H-305 قاعة الدراسات العليا ٣٠٥,
الجمعة,12:00 - 14:00,FX-C118,هندسة المتطلّبات وإدارة مشاريع تقنية المعلومات,نظري,د. سارة أحمد المقطري,H-305 قاعة الدراسات العليا ٣٠٥,
الجمعة,14:00 - 16:00,FX-C124,هندسة المتطلّبات وإدارة مشاريع تقنية المعلومات,نظري,أ. فاطمة صالح العريقي,H-305 قاعة الدراسات العليا ٣٠٥,
الجمعة,16:00 - 18:00,FX-C130,هندسة المتطلّبات وإدارة مشاريع تقنية المعلومات,نظري,د. سارة أحمد المقطري,H-305 قاعة الدراسات العليا ٣٠٥,
الأحد,08:00 - 10:00,FX-C101,أساسيات هندسة البرمجيات وتحليل النظم المتقدمة,عملي,أ.د. محمد عبدالله الحكيمي,H-101 قاعة المحاضرات الكبرى رقم ١٠١,
الأحد,10:00 - 12:00,FX-C107,أساسيات هندسة البرمجيات وتحليل النظم المتقدمة,عملي,د. عبدالسلام ناجي الشميري,H-101 قاعة المحاضرات الكبرى رقم ١٠١,
الأحد,12:00 - 14:00,FX-C113,أساسيات هندسة البرمجيات وتحليل النظم المتقدمة,عملي,أ.د. محمد عبدالله الحكيمي,H-101 قاعة المحاضرات الكبرى رقم ١٠١,
الأحد,14:00 - 16:00,FX-C119,أساسيات هندسة البرمجيات وتحليل النظم المتقدمة,عملي,د. عبدالسلام ناجي الشميري,H-101 قاعة المحاضرات الكبرى رقم ١٠١,
الأحد,16:00 - 18:00,FX-C125,أساسيات هندسة البرمجيات وتحليل النظم المتقدمة,عملي,أ.د. محمد عبدالله الحكيمي,H-101 قاعة المحاضرات الكبرى رقم ١٠١,
الثلاثاء,08:00 - 10:00,FX-C121,شبكات الحاسوب وبروتوكولات الاتصال الحديثة,نظري,أ.د. محمد عبدالله الحكيمي,H-305 قاعة الدراسات العليا ٣٠٥,
الثلاثاء,10:00 - 12:00,FX-C127,شبكات الحاسوب وبروتوكولات الاتصال الحديثة,نظري,د. عبدالسلام ناجي الشميري,H-305 قاعة الدراسات العليا ٣٠٥,
الثلاثاء,12:00 - 14:00,FX-C103,شبكات الحاسوب وبروتوكولات الاتصال الحديثة,نظري,د. عبدالسلام ناجي الشميري,H-305 قاعة الدراسات العليا ٣٠٥,
الثلاثاء,14:00 - 16:00,FX-C109,شبكات الحاسوب وبروتوكولات الاتصال الحديثة,نظري,أ.د. محمد عبدالله الحكيمي,H-305 قاعة الدراسات العليا ٣٠٥,
الثلاثاء,16:00 - 18:00,FX-C115,شبكات الحاسوب وبروتوكولات الاتصال الحديثة,نظري,د. عبدالسلام ناجي الشميري,H-305 قاعة الدراسات العليا ٣٠٥,
الخميس,08:00 - 10:00,FX-C111,أمن المعلومات والتشفير وحماية البنية التحتية الرقمية,نظري,د. عبدالسلام ناجي الشميري,LAB-3 مختبر الشبكات والأنظمة الموزّعة,
الخميس,10:00 - 12:00,FX-C117,أمن المعلومات والتشفير وحماية البنية التحتية الرقمية,نظري,أ.د. محمد عبدالله الحكيمي,LAB-3 مختبر الشبكات والأنظمة الموزّعة,
الخميس,12:00 - 14:00,FX-C123,أمن المعلومات والتشفير وحماية البنية التحتية الرقمية,نظري,د. عبدالسلام ناجي الشميري,LAB-3 مختبر الشبكات والأنظمة الموزّعة,
الخميس,14:00 - 16:00,FX-C129,أمن المعلومات والتشفير وحماية البنية التحتية الرقمية,نظري,أ.د. محمد عبدالله الحكيمي,LAB-3 مختبر الشبكات والأنظمة الموزّعة,
الخميس,16:00 - 18:00,FX-C105,أمن المعلومات والتشفير وحماية البنية التحتية الرقمية,نظري,أ.د. محمد عبدالله الحكيمي,LAB-3 مختبر الشبكات والأنظمة الموزّعة,
الاثنين,08:00 - 10:00,FX-C226,قواعد البيانات الموزّعة وتحسين الاستعلامات,نظري,أ. فاطمة صالح العريقي,LAB-3 مختبر الشبكات والأنظمة الموزّعة,
الاثنين,10:00 - 12:00,FX-C202,قواعد البيانات الموزّعة وتحسين الاستعلامات,نظري,أ. فاطمة صالح العريقي,LAB-3 مختبر الشبكات والأنظمة الموزّعة,
الاثنين,12:00 - 14:00,FX-C208,قواعد البيانات الموزّعة وتحسين الاستعلامات,نظري,د. سارة أحمد المقطري,LAB-3 مختبر الشبكات والأنظمة الموزّعة,
الاثنين,14:00 - 16:00,FX-C214,قواعد البيانات الموزّعة وتحسين الاستعلامات,نظري,أ. فاطمة صالح العريقي,LAB-3 مختبر الشبكات والأنظمة الموزّعة,
الاثنين,16:00 - 18:00,FX-C220,قواعد البيانات الموزّعة وتحسين الاستعلامات,نظري,د. سارة أحمد المقطري,LAB-3 مختبر الشبكات والأنظمة الموزّعة,
الأربعاء,08:00 - 10:00,FX-C216,الذكاء الاصطناعي وتعلّم الآلة التطبيقي,عملي,د. سارة أحمد المقطري,H-101 قاعة المحاضرات الكبرى رقم ١٠١,
الأربعاء,10:00 - 12:00,FX-C222,الذكاء الاصطناعي وتعلّم الآلة التطبيقي,عملي,أ. فاطمة صالح العريقي,H-101 قاعة المحاضرات الكبرى رقم ١٠١,
الأربعاء,12:00 - 14:00,FX-C228,الذكاء الاصطناعي وتعلّم الآلة التطبيقي,عملي,د. سارة أحمد المقطري,H-101 قاعة المحاضرات الكبرى رقم ١٠١,
الأربعاء,14:00 - 16:00,FX-C204,الذكاء الاصطناعي وتعلّم الآلة التطبيقي,عملي,د. سارة أحمد المقطري,H-101 قاعة المحاضرات الكبرى رقم ١٠١,
الأربعاء,16:00 - 18:00,FX-C210,الذكاء الاصطناعي وتعلّم الآلة التطبيقي,عملي,أ. فاطمة صالح العريقي,H-101 قاعة المحاضرات الكبرى رقم ١٠١,
الجمعة,08:00 - 10:00,FX-C206,هندسة المتطلّبات وإدارة مشاريع تقنية المعلومات,نظري,أ. فاطمة صالح العريقي,H-305 قاعة الدراسات العليا ٣٠٥,
الجمعة,10:00 - 12:00,FX-C212,هندسة المتطلّبات وإدارة مشاريع تقنية المعلومات,نظري,د. سارة أحمد المقطري,H-305 قاعة الدراسات العليا ٣٠٥,
الجمعة,12:00 - 14:00,FX-C218,هندسة المتطلّبات وإدارة مشاريع تقنية المعلومات,نظري,أ. فاطمة صالح العريقي,H-305 قاعة الدراسات العليا ٣٠٥,
الجمعة,14:00 - 16:00,FX-C224,هندسة المتطلّبات وإدارة مشاريع تقنية المعلومات,نظري,د. سارة أحمد المقطري,H-305 قاعة الدراسات العليا ٣٠٥,
الجمعة,16:00 - 18:00,FX-C230,هندسة المتطلّبات وإدارة مشاريع تقنية المعلومات,نظري,أ. فاطمة صالح العريقي,H-305 قاعة الدراسات العليا ٣٠٥,
الأحد,08:00 - 10:00,FX-C201,أساسيات هندسة البرمجيات وتحليل النظم المتقدمة,عملي,د. عبدالسلام ناجي الشميري,H-101 قاعة المحاضرات الكبرى رقم ١٠١,
الأحد,10:00 - 12:00,FX-C207,أساسيات هندسة البرمجيات وتحليل النظم المتقدمة,عملي,أ.د. محمد عبدالله الحكيمي,H-101 قاعة المحاضرات الكبرى رقم ١٠١,
الأحد,12:00 - 14:00,FX-C213,أساسيات هندسة البرمجيات وتحليل النظم المتقدمة,عملي,د. عبدالسلام ناجي الشميري,H-101 قاعة المحاضرات الكبرى رقم ١٠١,
الأحد,14:00 - 16:00,FX-C219,أساسيات هندسة البرمجيات وتحليل النظم المتقدمة,عملي,أ.د. محمد عبدالله الحكيمي,H-101 قاعة المحاضرات الكبرى رقم ١٠١,
الأحد,16:00 - 18:00,FX-C225,أساسيات هندسة البرمجيات وتحليل النظم المتقدمة,عملي,د. عبدالسلام ناجي الشميري,H-101 قاعة المحاضرات الكبرى رقم ١٠١,
الثلاثاء,08:00 - 10:00,FX-C221,شبكات الحاسوب وبروتوكولات الاتصال الحديثة,نظري,د. عبدالسلام ناجي الشميري,H-305 قاعة الدراسات العليا ٣٠٥,
الثلاثاء,10:00 - 12:00,FX-C227,شبكات الحاسوب وبروتوكولات الاتصال الحديثة,نظري,أ.د. محمد عبدالله الحكيمي,H-305 قاعة الدراسات العليا ٣٠٥,
الثلاثاء,12:00 - 14:00,FX-C203,شبكات الحاسوب وبروتوكولات الاتصال الحديثة,نظري,أ.د. محمد عبدالله الحكيمي,H-305 قاعة الدراسات العليا ٣٠٥,
الثلاثاء,14:00 - 16:00,FX-C209,شبكات الحاسوب وبروتوكولات الاتصال الحديثة,نظري,د. عبدالسلام ناجي الشميري,H-305 قاعة الدراسات العليا ٣٠٥,
الثلاثاء,16:00 - 18:00,FX-C215,شبكات الحاسوب وبروتوكولات الاتصال الحديثة,نظري,أ.د. محمد عبدالله الحكيمي,H-305 قاعة الدراسات العليا ٣٠٥,
الخميس,08:00 - 10:00,FX-C211,أمن المعلومات والتشفير وحماية البنية التحتية الرقمية,نظري,أ.د. محمد عبدالله الحكيمي,LAB-3 مختبر الشبكات والأنظمة الموزّعة,
الخميس,10:00 - 12:00,FX-C217,أمن المعلومات والتشفير وحماية البنية التحتية الرقمية,نظري,د. عبدالسلام ناجي الشميري,LAB-3 مختبر الشبكات والأنظمة الموزّعة,
الخميس,12:00 - 14:00,FX-C223,أمن المعلومات والتشفير وحماية البنية التحتية الرقمية,نظري,أ.د. محمد عبدالله الحكيمي,LAB-3 مختبر الشبكات والأنظمة الموزّعة,
الخميس,14:00 - 16:00,FX-C229,أمن المعلومات والتشفير وحماية البنية التحتية الرقمية,نظري,د. عبدالسلام ناجي الشميري,LAB-3 مختبر الشبكات والأنظمة الموزّعة,
الخميس,16:00 - 18:00,FX-C205,أمن المعلومات والتشفير وحماية البنية التحتية الرقمية,نظري,د. عبدالسلام ناجي الشميري,LAB-3 مختبر الشبكات والأنظمة الموزّعة,
الاثنين,08:00 - 10:00,FX-C326,قواعد البيانات الموزّعة وتحسين الاستعلامات,نظري,د. سارة أحمد المقطري,LAB-3 مختبر الشبكات والأنظمة الموزّعة,
الاثنين,10:00 - 12:00,FX-C302,قواعد البيانات الموزّعة وتحسين الاستعلامات,نظري,د. سارة أحمد المقطري,LAB-3 مختبر الشبكات والأنظمة الموزّعة,
الاثنين,12:00 - 14:00,FX-C308,قواعد البيانات الموزّعة وتحسين الاستعلامات,نظري,أ. فاطمة صالح العريقي,LAB-3 مختبر الشبكات والأنظمة الموزّعة,
الاثنين,14:00 - 16:00,FX-C314,قواعد البيانات الموزّعة وتحسين الاستعلامات,نظري,د. سارة أحمد المقطري,LAB-3 مختبر الشبكات والأنظمة الموزّعة,
الاثنين,16:00 - 18:00,FX-C320,قواعد البيانات الموزّعة وتحسين الاستعلامات,نظري,أ. فاطمة صالح العريقي,LAB-3 مختبر الشبكات والأنظمة الموزّعة,
الأربعاء,08:00 - 10:00,FX-C316,الذكاء الاصطناعي وتعلّم الآلة التطبيقي,عملي,أ. فاطمة صالح العريقي,H-101 قاعة المحاضرات الكبرى رقم ١٠١,
الأربعاء,10:00 - 12:00,FX-C322,الذكاء الاصطناعي وتعلّم الآلة التطبيقي,عملي,د. سارة أحمد المقطري,H-101 قاعة المحاضرات الكبرى رقم ١٠١,
الأربعاء,12:00 - 14:00,FX-C328,الذكاء الاصطناعي وتعلّم الآلة التطبيقي,عملي,أ. فاطمة صالح العريقي,H-101 قاعة المحاضرات الكبرى رقم ١٠١,
الأربعاء,14:00 - 16:00,FX-C304,الذكاء الاصطناعي وتعلّم الآلة التطبيقي,عملي,أ. فاطمة صالح العريقي,H-101 قاعة المحاضرات الكبرى رقم ١٠١,
الأربعاء,16:00 - 18:00,FX-C310,الذكاء الاصطناعي وتعلّم الآلة التطبيقي,عملي,د. سارة أحمد المقطري,H-101 قاعة المحاضرات الكبرى رقم ١٠١,
الجمعة,08:00 - 10:00,FX-C306,هندسة المتطلّبات وإدارة مشاريع تقنية المعلومات,نظري,د. سارة أحمد المقطري,H-305 قاعة الدراسات العليا ٣٠٥,
الجمعة,10:00 - 12:00,FX-C312,هندسة المتطلّبات وإدارة مشاريع تقنية المعلومات,نظري,أ. فاطمة صالح العريقي,H-305 قاعة الدراسات العليا ٣٠٥,
الجمعة,12:00 - 14:00,FX-C318,هندسة المتطلّبات وإدارة مشاريع تقنية المعلومات,نظري,د. سارة أحمد المقطري,H-305 قاعة الدراسات العليا ٣٠٥,
الجمعة,14:00 - 16:00,FX-C324,هندسة المتطلّبات وإدارة مشاريع تقنية المعلومات,نظري,أ. فاطمة صالح العريقي,H-305 قاعة الدراسات العليا ٣٠٥,
الجمعة,16:00 - 18:00,FX-C330,هندسة المتطلّبات وإدارة مشاريع تقنية المعلومات,نظري,د. سارة أحمد المقطري,H-305 قاعة الدراسات العليا ٣٠٥,
الأحد,08:00 - 10:00,FX-C301,أساسيات هندسة البرمجيات وتحليل النظم المتقدمة,عملي,أ.د. محمد عبدالله الحكيمي,H-101 قاعة المحاضرات الكبرى رقم ١٠١,
الأحد,10:00 - 12:00,FX-C307,أساسيات هندسة البرمجيات وتحليل النظم المتقدمة,عملي,د. عبدالسلام ناجي الشميري,H-101 قاعة المحاضرات الكبرى رقم ١٠١,
الأحد,12:00 - 14:00,FX-C313,أساسيات هندسة البرمجيات وتحليل النظم المتقدمة,عملي,أ.د. محمد عبدالله الحكيمي,H-101 قاعة المحاضرات الكبرى رقم ١٠١,
الأحد,14:00 - 16:00,FX-C319,أساسيات هندسة البرمجيات وتحليل النظم المتقدمة,عملي,د. عبدالسلام ناجي الشميري,H-101 قاعة المحاضرات الكبرى رقم ١٠١,
الأحد,16:00 - 18:00,FX-C325,أساسيات هندسة البرمجيات وتحليل النظم المتقدمة,عملي,أ.د. محمد عبدالله الحكيمي,H-101 قاعة المحاضرات الكبرى رقم ١٠١,
الثلاثاء,08:00 - 10:00,FX-C321,شبكات الحاسوب وبروتوكولات الاتصال الحديثة,نظري,أ.د. محمد عبدالله الحكيمي,H-305 قاعة الدراسات العليا ٣٠٥,
الثلاثاء,10:00 - 12:00,FX-C327,شبكات الحاسوب وبروتوكولات الاتصال الحديثة,نظري,د. عبدالسلام ناجي الشميري,H-305 قاعة الدراسات العليا ٣٠٥,
الثلاثاء,12:00 - 14:00,FX-C303,شبكات الحاسوب وبروتوكولات الاتصال الحديثة,نظري,د. عبدالسلام ناجي الشميري,H-305 قاعة الدراسات العليا ٣٠٥,
الثلاثاء,14:00 - 16:00,FX-C309,شبكات الحاسوب وبروتوكولات الاتصال الحديثة,نظري,أ.د. محمد عبدالله الحكيمي,H-305 قاعة الدراسات العليا ٣٠٥,
الثلاثاء,16:00 - 18:00,FX-C315,شبكات الحاسوب وبروتوكولات الاتصال الحديثة,نظري,د. عبدالسلام ناجي الشميري,H-305 قاعة الدراسات العليا ٣٠٥,
الخميس,08:00 - 10:00,FX-C311,أمن المعلومات والتشفير وحماية البنية التحتية الرقمية,نظري,د. عبدالسلام ناجي الشميري,LAB-3 مختبر الشبكات والأنظمة الموزّعة,
الخميس,10:00 - 12:00,FX-C317,أمن المعلومات والتشفير وحماية البنية التحتية الرقمية,نظري,أ.د. محمد عبدالله الحكيمي,LAB-3 مختبر الشبكات والأنظمة الموزّعة,
الخميس,12:00 - 14:00,FX-C323,أمن المعلومات والتشفير وحماية البنية التحتية الرقمية,نظري,د. عبدالسلام ناجي الشميري,LAB-3 مختبر الشبكات والأنظمة الموزّعة,
الخميس,14:00 - 16:00,FX-C329,أمن المعلومات والتشفير وحماية البنية التحتية الرقمية,نظري,أ.د. محمد عبدالله الحكيمي,LAB-3 مختبر الشبكات والأنظمة الموزّعة,
الخميس,16:00 - 18:00,FX-C305,أمن المعلومات والتشفير وحماية البنية التحتية الرقمية,نظري,أ.د. محمد عبدالله الحكيمي,LAB-3 مختبر الشبكات والأنظمة الموزّعة,
الاثنين,08:00 - 10:00,FX-C426,قواعد البيانات الموزّعة وتحسين الاستعلامات,نظري,أ. فاطمة صالح العريقي,LAB-3 مختبر الشبكات والأنظمة الموزّعة,
الاثنين,10:00 - 12:00,FX-C402,قواعد البيانات الموزّعة وتحسين الاستعلامات,نظري,أ. فاطمة صالح العريقي,LAB-3 مختبر الشبكات والأنظمة الموزّعة,
الاثنين,12:00 - 14:00,FX-C408,قواعد البيانات الموزّعة وتحسين الاستعلامات,نظري,د. سارة أحمد المقطري,LAB-3 مختبر الشبكات والأنظمة الموزّعة,
الاثنين,14:00 - 16:00,FX-C414,قواعد البيانات الموزّعة وتحسين الاستعلامات,نظري,أ. فاطمة صالح العريقي,LAB-3 مختبر الشبكات والأنظمة الموزّعة,
الاثنين,16:00 - 18:00,FX-C420,قواعد البيانات الموزّعة وتحسين الاستعلامات,نظري,د. سارة أحمد المقطري,LAB-3 مختبر الشبكات والأنظمة الموزّعة,
الأربعاء,08:00 - 10:00,FX-C416,الذكاء الاصطناعي وتعلّم الآلة التطبيقي,عملي,د. سارة أحمد المقطري,H-101 قاعة المحاضرات الكبرى رقم ١٠١,
الأربعاء,10:00 - 12:00,FX-C422,الذكاء الاصطناعي وتعلّم الآلة التطبيقي,عملي,أ. فاطمة صالح العريقي,H-101 قاعة المحاضرات الكبرى رقم ١٠١,
الأربعاء,12:00 - 14:00,FX-C428,الذكاء الاصطناعي وتعلّم الآلة التطبيقي,عملي,د. سارة أحمد المقطري,H-101 قاعة المحاضرات الكبرى رقم ١٠١,
الأربعاء,14:00 - 16:00,FX-C404,الذكاء الاصطناعي وتعلّم الآلة التطبيقي,عملي,د. سارة أحمد المقطري,H-101 قاعة المحاضرات الكبرى رقم ١٠١,
الأربعاء,16:00 - 18:00,FX-C410,الذكاء الاصطناعي وتعلّم الآلة التطبيقي,عملي,أ. فاطمة صالح العريقي,H-101 قاعة المحاضرات الكبرى رقم ١٠١,
الجمعة,08:00 - 10:00,FX-C406,هندسة المتطلّبات وإدارة مشاريع تقنية المعلومات,نظري,أ. فاطمة صالح العريقي,H-305 قاعة الدراسات العليا ٣٠٥,
الجمعة,10:00 - 12:00,FX-C412,هندسة المتطلّبات وإدارة مشاريع تقنية المعلومات,نظري,د. سارة أحمد المقطري,H-305 قاعة الدراسات العليا ٣٠٥,
الجمعة,12:00 - 14:00,FX-C418,هندسة المتطلّبات وإدارة مشاريع تقنية المعلومات,نظري,أ. فاطمة صالح العريقي,H-305 قاعة الدراسات العليا ٣٠٥,
الجمعة,14:00 - 16:00,FX-C424,هندسة المتطلّبات وإدارة مشاريع تقنية المعلومات,نظري,د. سارة أحمد المقطري,H-305 قاعة الدراسات العليا ٣٠٥,
الجمعة,16:00 - 18:00,FX-C430,هندسة المتطلّبات وإدارة مشاريع تقنية المعلومات,نظري,أ. فاطمة صالح العريقي,H-305 قاعة الدراسات العليا ٣٠٥,
الأحد,08:00 - 10:00,FX-C401,أساسيات هندسة البرمجيات وتحليل النظم المتقدمة,عملي,د. عبدالسلام ناجي الشميري,H-101 قاعة المحاضرات الكبرى رقم ١٠١,
الأحد,10:00 - 12:00,FX-C407,أساسيات هندسة البرمجيات وتحليل النظم المتقدمة,عملي,أ.د. محمد عبدالله الحكيمي,H-101 قاعة المحاضرات الكبرى رقم ١٠١,
الأحد,12:00 - 14:00,FX-C413,أساسيات هندسة البرمجيات وتحليل النظم المتقدمة,عملي,د. عبدالسلام ناجي الشميري,H-101 قاعة المحاضرات الكبرى رقم ١٠١,
الأحد,14:00 - 16:00,FX-C419,أساسيات هندسة البرمجيات وتحليل النظم المتقدمة,عملي,أ.د. محمد عبدالله الحكيمي,H-101 قاعة المحاضرات الكبرى رقم ١٠١,
الأحد,16:00 - 18:00,FX-C425,أساسيات هندسة البرمجيات وتحليل النظم المتقدمة,عملي,د. عبدالسلام ناجي الشميري,H-101 قاعة المحاضرات الكبرى رقم ١٠١,
الثلاثاء,08:00 - 10:00,FX-C421,شبكات الحاسوب وبروتوكولات الاتصال الحديثة,نظري,د. عبدالسلام ناجي الشميري,H-305 قاعة الدراسات العليا ٣٠٥,
الثلاثاء,10:00 - 12:00,FX-C427,شبكات الحاسوب وبروتوكولات الاتصال الحديثة,نظري,أ.د. محمد عبدالله الحكيمي,H-305 قاعة الدراسات العليا ٣٠٥,
الثلاثاء,12:00 - 14:00,FX-C403,شبكات الحاسوب وبروتوكولات الاتصال الحديثة,نظري,أ.د. محمد عبدالله الحكيمي,H-305 قاعة الدراسات العليا ٣٠٥,
الثلاثاء,14:00 - 16:00,FX-C409,شبكات الحاسوب وبروتوكولات الاتصال الحديثة,نظري,د. عبدالسلام ناجي الشميري,H-305 قاعة الدراسات العليا ٣٠٥,
الثلاثاء,16:00 - 18:00,FX-C415,شبكات الحاسوب وبروتوكولات الاتصال الحديثة,نظري,أ.د. محمد عبدالله الحكيمي,H-305 قاعة الدراسات العليا ٣٠٥,
الخميس,08:00 - 10:00,FX-C411,أمن المعلومات والتشفير وحماية البنية التحتية الرقمية,نظري,أ.د. محمد عبدالله الحكيمي,LAB-3 مختبر الشبكات والأنظمة الموزّعة,
الخميس,10:00 - 12:00,FX-C417,أمن المعلومات والتشفير وحماية البنية التحتية الرقمية,نظري,د. عبدالسلام ناجي الشميري,LAB-3 مختبر الشبكات والأنظمة الموزّعة,
الخميس,12:00 - 14:00,FX-C423,أمن المعلومات والتشفير وحماية البنية التحتية الرقمية,نظري,أ.د. محمد عبدالله الحكيمي,LAB-3 مختبر الشبكات والأنظمة الموزّعة,
الخميس,14:00 - 16:00,FX-C429,أمن المعلومات والتشفير وحماية البنية التحتية الرقمية,نظري,د. عبدالسلام ناجي الشميري,LAB-3 مختبر الشبكات والأنظمة الموزّعة,
الخميس,16:00 - 18:00,FX-C405,أمن المعلومات والتشفير وحماية البنية التحتية الرقمية,نظري,د. عبدالسلام ناجي الشميري,LAB-3 مختبر الشبكات والأنظمة الموزّعة,